{"cameraMode":{"drawMode":0,"name":"Shaded","section":"Shading Mode"},"sceneLighting":false,"audioPlay":false,"sceneViewState":{"showFog":true,"showMaterialUpdate":false,"showSkybox":false,"showFlares":true,"showImageEffects":true,"showParticleSystems":true},"in2DMode":false,"pivot":{"x":408.2162780761719,"y":157.8000030517578,"z":0.0},"rotation":{"x":-0.29608261585235598,"y":-0.009162778966128827,"z":0.0028418090660125019,"w":-0.955119788646698},"size":194.87661743164063,"orthographic":false}