{"cameraMode":{"drawMode":0,"name":"Shaded","section":"Shading Mode"},"sceneLighting":false,"audioPlay":false,"sceneViewState":{"showFog":true,"showMaterialUpdate":false,"showSkybox":false,"showFlares":true,"showImageEffects":true,"showParticleSystems":true},"in2DMode":false,"pivot":{"x":412.6383361816406,"y":113.64752197265625,"z":175.21560668945313},"rotation":{"x":-0.220767542719841,"y":-0.0035046832635998728,"z":0.0007947291014716029,"w":-0.9753268361091614},"size":279.441162109375,"orthographic":false}